{
  "pipeline_version": "1.0",
  "created_at": "2026-01-24T03:52:53.468136",
  "train_samples": 800,
  "test_samples": 200,
  "metrics": {
    "mse": 1.0701927459620182,
    "r2": -0.032670003559198024
  },
  "features": [
    "feature1",
    "feature2",
    "feature3"
  ]
}